Pathway > Identifier	Pathway > Genes > Standard Name
ACETATEUTIL2-PWY	ACS1
ACETATEUTIL2-PWY	ACS2
AERO-GLYCEROL-CAT-PWY	GUT1
AERO-GLYCEROL-CAT-PWY	GUT2
ALANINE-DEG3-PWY	ALT1
ALANINE-SYN2-PWY	ALT1
ALLANTOINDEG-PWY	DAL1
ALLANTOINDEG-PWY	DAL2
ALLANTOINDEG-PWY	DAL3
ALLANTOINDEG-PWY	DUR1,2
ALL-CHORISMATE-PWY	ABZ1
ALL-CHORISMATE-PWY	ADE3
ALL-CHORISMATE-PWY	ARO1
ALL-CHORISMATE-PWY	ARO2
ALL-CHORISMATE-PWY	ARO3
ALL-CHORISMATE-PWY	ARO4
ALL-CHORISMATE-PWY	ARO7
ALL-CHORISMATE-PWY	ARO8
ALL-CHORISMATE-PWY	ARO9
ALL-CHORISMATE-PWY	DFR1
ALL-CHORISMATE-PWY	FOL1
ALL-CHORISMATE-PWY	FOL2
ALL-CHORISMATE-PWY	FOL3
ALL-CHORISMATE-PWY	MET7
ALL-CHORISMATE-PWY	MIS1
ALL-CHORISMATE-PWY	PHA2
ALL-CHORISMATE-PWY	SHM1
ALL-CHORISMATE-PWY	SHM2
ALL-CHORISMATE-PWY	TRP1
ALL-CHORISMATE-PWY	TRP2
ALL-CHORISMATE-PWY	TRP3
ALL-CHORISMATE-PWY	TRP4
ALL-CHORISMATE-PWY	TRP5
ALL-CHORISMATE-PWY	TYR1
ARGDEG-YEAST-PWY	CAR1
ARGDEG-YEAST-PWY	CAR2
ARGDEG-YEAST-PWY	PRO3
ARGDEG-YEAST-PWY	PUT1
ARGDEG-YEAST-PWY	PUT2
ARG-PRO-PWY	CAR1
ARG-PRO-PWY	CAR2
ARG-PRO-PWY	PRO3
ARGSPECAT-PWY	SPE2
ARGSPECAT-PWY	SPE4
ARGSYNBSUB-PWY	ARG1
ARGSYNBSUB-PWY	ARG2
ARGSYNBSUB-PWY	ARG3
ARGSYNBSUB-PWY	ARG4
ARGSYNBSUB-PWY	ARG5,6
ARGSYNBSUB-PWY	ARG7
ARGSYNBSUB-PWY	ARG8
ARGSYNBSUB-PWY	CPA1
ARGSYNBSUB-PWY	CPA2
ARO-PWY	ARO1
ARO-PWY	ARO2
ARO-PWY	ARO3
ARO-PWY	ARO4
ASPARAGINE-BIOSYNTHESIS	AAT1
ASPARAGINE-BIOSYNTHESIS	AAT2
ASPARAGINE-BIOSYNTHESIS	ASN1
ASPARAGINE-BIOSYNTHESIS	ASN2
ASPARAGINE-DEG2-PWY	AAT1
ASPARAGINE-DEG2-PWY	AAT2
ASPARAGINE-DEG2-PWY	ASP1
ASPARAGINE-DEG2-PWY	ASP3-1
ASPARAGINE-DEG2-PWY	ASP3-2
ASPARAGINE-DEG2-PWY	ASP3-3
ASPARAGINE-DEG2-PWY	ASP3-4
ASPBIO-PWY	AAT1
ASPBIO-PWY	AAT2
ASPBIO-PWY	PYC1
ASPBIO-PWY	PYC2
BIOTIN-SYNTHESIS-PWY	BIO2
BIOTIN-SYNTHESIS-PWY	BIO3
BIOTIN-SYNTHESIS-PWY	BIO4
BRANCHED-CHAIN-AA-SYN-PWY	BAT1
BRANCHED-CHAIN-AA-SYN-PWY	BAT2
BRANCHED-CHAIN-AA-SYN-PWY	ILV1
BRANCHED-CHAIN-AA-SYN-PWY	ILV2
BRANCHED-CHAIN-AA-SYN-PWY	ILV3
BRANCHED-CHAIN-AA-SYN-PWY	ILV5
BRANCHED-CHAIN-AA-SYN-PWY	ILV6
BRANCHED-CHAIN-AA-SYN-PWY	LEU1
BRANCHED-CHAIN-AA-SYN-PWY	LEU2
BRANCHED-CHAIN-AA-SYN-PWY	LEU4
BRANCHED-CHAIN-AA-SYN-PWY	LEU9
BSUBPOLYAMSYN-PWY	SPE2
BSUBPOLYAMSYN-PWY	SPE3
CITRUL-BIO2-PWY	ARG3
CITRUL-BIO2-PWY	CPA1
CITRUL-BIO2-PWY	CPA2
COMPLETE-ARO-PWY	ARO1
COMPLETE-ARO-PWY	ARO2
COMPLETE-ARO-PWY	ARO3
COMPLETE-ARO-PWY	ARO4
COMPLETE-ARO-PWY	ARO7
COMPLETE-ARO-PWY	ARO8
COMPLETE-ARO-PWY	ARO9
COMPLETE-ARO-PWY	PHA2
COMPLETE-ARO-PWY	TRP1
COMPLETE-ARO-PWY	TRP2
COMPLETE-ARO-PWY	TRP3
COMPLETE-ARO-PWY	TRP4
COMPLETE-ARO-PWY	TRP5
COMPLETE-ARO-PWY	TYR1
CYSTEINE-SYN2-PWY	CYS3
CYSTEINE-SYN2-PWY	CYS4
DENOVOPURINE3-PWY	ADE1
DENOVOPURINE3-PWY	ADE12
DENOVOPURINE3-PWY	ADE13
DENOVOPURINE3-PWY	ADE16
DENOVOPURINE3-PWY	ADE17
DENOVOPURINE3-PWY	ADE2
DENOVOPURINE3-PWY	ADE4
DENOVOPURINE3-PWY	ADE5,7
DENOVOPURINE3-PWY	ADE6
DENOVOPURINE3-PWY	ADE8
DENOVOPURINE3-PWY	ADK1
DENOVOPURINE3-PWY	ADK2
DENOVOPURINE3-PWY	GUA1
DENOVOPURINE3-PWY	GUK1
DENOVOPURINE3-PWY	IMD2
DENOVOPURINE3-PWY	IMD3
DENOVOPURINE3-PWY	IMD4
DENOVOPURINE3-PWY	RNR1
DENOVOPURINE3-PWY	RNR2
DENOVOPURINE3-PWY	RNR3
DENOVOPURINE3-PWY	RNR4
DENOVOPURINE3-PWY	YNK1
DETOX1-PWY	CTA1
DETOX1-PWY	CTT1
DETOX1-PWY	SOD1
DETOX1-PWY	SOD2
ERGOSTEROL-SYN-PWY	ERG1
ERGOSTEROL-SYN-PWY	ERG10
ERGOSTEROL-SYN-PWY	ERG11
ERGOSTEROL-SYN-PWY	ERG12
ERGOSTEROL-SYN-PWY	ERG13
ERGOSTEROL-SYN-PWY	ERG2
ERGOSTEROL-SYN-PWY	ERG20
ERGOSTEROL-SYN-PWY	ERG24
ERGOSTEROL-SYN-PWY	ERG25
ERGOSTEROL-SYN-PWY	ERG26
ERGOSTEROL-SYN-PWY	ERG27
ERGOSTEROL-SYN-PWY	ERG3
ERGOSTEROL-SYN-PWY	ERG4
ERGOSTEROL-SYN-PWY	ERG5
ERGOSTEROL-SYN-PWY	ERG6
ERGOSTEROL-SYN-PWY	ERG7
ERGOSTEROL-SYN-PWY	ERG8
ERGOSTEROL-SYN-PWY	ERG9
ERGOSTEROL-SYN-PWY	HMG1
ERGOSTEROL-SYN-PWY	HMG2
ERGOSTEROL-SYN-PWY	IDI1
ERGOSTEROL-SYN-PWY	MVD1
FASYN-ELONG2-PWY	CEM1
FASYN-ELONG2-PWY	FAS1
FASYN-ELONG2-PWY	FAS2
FASYN-ELONG2-PWY	OAR1
FOLSYN-PWY	ABZ1
FOLSYN-PWY	ABZ2
FOLSYN-PWY	ADE3
FOLSYN-PWY	DFR1
FOLSYN-PWY	FOL1
FOLSYN-PWY	FOL2
FOLSYN-PWY	FOL3
FOLSYN-PWY	GCV1
FOLSYN-PWY	GCV2
FOLSYN-PWY	GCV3
FOLSYN-PWY	LPD1
FOLSYN-PWY	MET12
FOLSYN-PWY	MET13
FOLSYN-PWY	MIS1
FOLSYN-PWY	MTD1
FOLSYN-PWY	SHM1
FOLSYN-PWY	SHM2
GLNSYN-PWY	GLN1
GLUCFERMEN-PWY	ADH1
GLUCFERMEN-PWY	ADH2
GLUCFERMEN-PWY	ADH3
GLUCFERMEN-PWY	ADH4
GLUCFERMEN-PWY	ADH5
GLUCFERMEN-PWY	ALD4
GLUCFERMEN-PWY	ALD5
GLUCFERMEN-PWY	ALD6
GLUCFERMEN-PWY	CDC19
GLUCFERMEN-PWY	ENO1
GLUCFERMEN-PWY	ENO2
GLUCFERMEN-PWY	FBA1
GLUCFERMEN-PWY	GLK1
GLUCFERMEN-PWY	GPM1
GLUCFERMEN-PWY	HXK1
GLUCFERMEN-PWY	HXK2
GLUCFERMEN-PWY	PDC1
GLUCFERMEN-PWY	PDC5
GLUCFERMEN-PWY	PDC6
GLUCFERMEN-PWY	PFK1
GLUCFERMEN-PWY	PFK2
GLUCFERMEN-PWY	PGI1
GLUCFERMEN-PWY	PGK1
GLUCFERMEN-PWY	PYK2
GLUCFERMEN-PWY	TDH1
GLUCFERMEN-PWY	TDH2
GLUCFERMEN-PWY	TDH3
GLUCFERMEN-PWY	TPI1
GLUCONEO-PWY	ENO1
GLUCONEO-PWY	ENO2
GLUCONEO-PWY	FBA1
GLUCONEO-PWY	FBP1
GLUCONEO-PWY	GPM1
GLUCONEO-PWY	MAE1
GLUCONEO-PWY	MDH2
GLUCONEO-PWY	PCK1
GLUCONEO-PWY	PGI1
GLUCONEO-PWY	PGK1
GLUCONEO-PWY	PYC1
GLUCONEO-PWY	PYC2
GLUCONEO-PWY	TDH1
GLUCONEO-PWY	TDH2
GLUCONEO-PWY	TDH3
GLUCOSE-MANNOSYL-CHITO-DOLICHOL	ALG1
GLUCOSE-MANNOSYL-CHITO-DOLICHOL	ALG11
GLUCOSE-MANNOSYL-CHITO-DOLICHOL	ALG12
GLUCOSE-MANNOSYL-CHITO-DOLICHOL	ALG13
GLUCOSE-MANNOSYL-CHITO-DOLICHOL	ALG14
GLUCOSE-MANNOSYL-CHITO-DOLICHOL	ALG2
GLUCOSE-MANNOSYL-CHITO-DOLICHOL	ALG3
GLUCOSE-MANNOSYL-CHITO-DOLICHOL	ALG6
GLUCOSE-MANNOSYL-CHITO-DOLICHOL	ALG7
GLUCOSE-MANNOSYL-CHITO-DOLICHOL	ALG8
GLUCOSE-MANNOSYL-CHITO-DOLICHOL	ALG9
GLUCOSE-MANNOSYL-CHITO-DOLICHOL	DIE2
GLUDEG-I-PWY	GAD1
GLUDEG-I-PWY	UGA1
GLUDEG-I-PWY	UGA2
GLUGLNSYN-PWY	GLT1
GLUNH3-PWY	GDH1
GLUNH3-PWY	GDH3
GLUTATHIONESYN-PWY	GSH1
GLUTATHIONESYN-PWY	GSH2
GLUT-REDOX2-PWY	GLR1
GLUT-REDOX2-PWY	GPX1
GLUT-REDOX2-PWY	GPX2
GLUT-REDOX2-PWY	GTT1
GLUT-REDOX2-PWY	GTT2
GLUT-REDOX2-PWY	HYR1
GLYCLEAV-PWY	GCV1
GLYCLEAV-PWY	GCV2
GLYCLEAV-PWY	GCV3
GLYCLEAV-PWY	LPD1
GLYCOCAT-YEAST-PWY	GDB1
GLYCOCAT-YEAST-PWY	GPH1
GLYCOCAT-YEAST-PWY	SGA1
GLYCOLYSIS	CDC19
GLYCOLYSIS	ENO1
GLYCOLYSIS	ENO2
GLYCOLYSIS	FBA1
GLYCOLYSIS	GPM1
GLYCOLYSIS	PFK1
GLYCOLYSIS	PFK2
GLYCOLYSIS	PGI1
GLYCOLYSIS	PGK1
GLYCOLYSIS	PYK2
GLYCOLYSIS	TDH1
GLYCOLYSIS	TDH2
GLYCOLYSIS	TDH3
GLYCOLYSIS	TPI1
GLYOXYLATE-BYPASS	ACO1
GLYOXYLATE-BYPASS	CIT2
GLYOXYLATE-BYPASS	DAL7
GLYOXYLATE-BYPASS	ICL1
GLYOXYLATE-BYPASS	MDH2
GLYOXYLATE-BYPASS	MDH3
GLYOXYLATE-BYPASS	MLS1
GLYSYN-ALA-PWY	AGX1
GLYSYN-PWY	SHM1
GLYSYN-PWY	SHM2
GLYSYN-THR-PWY	GLY1
HEME-BIOSYNTHESIS-II	HEM12
HEME-BIOSYNTHESIS-II	HEM13
HEME-BIOSYNTHESIS-II	HEM14
HEME-BIOSYNTHESIS-II	HEM15
HEXPPSYN-PWY	BTS1
HEXPPSYN-PWY	COQ1
HEXPPSYN-PWY	ERG20
HISTSYN-PWY	HIS1
HISTSYN-PWY	HIS2
HISTSYN-PWY	HIS3
HISTSYN-PWY	HIS4
HISTSYN-PWY	HIS5
HISTSYN-PWY	HIS6
HISTSYN-PWY	HIS7
HOMOCYS-CYS-CONVERT	CYS3
HOMOCYS-CYS-CONVERT	CYS4
HOMOCYS-CYS-CONVERT	STR2
HOMOCYS-CYS-CONVERT	STR3
HOMOCYSDEGR-PWY	CYS3
HOMOCYSDEGR-PWY	CYS4
HOMOSERSYN-PWY	HOM2
HOMOSERSYN-PWY	HOM3
HOMOSERSYN-PWY	HOM6
ILEUSYN-PWY	BAT1
ILEUSYN-PWY	BAT2
ILEUSYN-PWY	ILV1
ILEUSYN-PWY	ILV2
ILEUSYN-PWY	ILV3
ILEUSYN-PWY	ILV5
ILEUSYN-PWY	ILV6
IPPSYN-PWY	ERG10
IPPSYN-PWY	ERG12
IPPSYN-PWY	ERG13
IPPSYN-PWY	ERG8
IPPSYN-PWY	HMG1
IPPSYN-PWY	HMG2
IPPSYN-PWY	IDI1
IPPSYN-PWY	MVD1
LEUSYN-PWY	BAT1
LEUSYN-PWY	BAT2
LEUSYN-PWY	LEU1
LEUSYN-PWY	LEU2
LEUSYN-PWY	LEU4
LEUSYN-PWY	LEU9
LIPASYN-PWY-1	ISC1
LIPASYN-PWY-1	PLC1
LIPASYN-PWY-1	SPO14
LYSINE-AMINOAD-PWY	LYS1
LYSINE-AMINOAD-PWY	LYS12
LYSINE-AMINOAD-PWY	LYS2
LYSINE-AMINOAD-PWY	LYS20
LYSINE-AMINOAD-PWY	LYS21
LYSINE-AMINOAD-PWY	LYS4
LYSINE-AMINOAD-PWY	LYS9
NADSYN-PWY	BNA1
NADSYN-PWY	BNA2
NADSYN-PWY	BNA4
NADSYN-PWY	BNA5
NADSYN-PWY	BNA6
NADSYN-PWY	BNA7
NADSYN-PWY	NMA1
NADSYN-PWY	NMA2
NADSYN-PWY	QNS1
NONOXIPENT-PWY	RKI1
NONOXIPENT-PWY	RPE1
NONOXIPENT-PWY	TAL1
NONOXIPENT-PWY	TKL1
NONOXIPENT-PWY	TKL2
OXIDATIVEPENT-PWY	GND1
OXIDATIVEPENT-PWY	GND2
OXIDATIVEPENT-PWY	SOL3
OXIDATIVEPENT-PWY	SOL4
OXIDATIVEPENT-PWY	ZWF1
P4-PWY	FOL3
P4-PWY	HOM2
P4-PWY	HOM3
P4-PWY	HOM6
P4-PWY	MET17
P4-PWY	MET2
P4-PWY	MET6
P4-PWY	MET7
P4-PWY	THR1
P4-PWY	THR4
PANTOSYN2-PWY	ALD2
PANTOSYN2-PWY	ALD3
PANTOSYN2-PWY	CAB1
PANTOSYN2-PWY	CAB2
PANTOSYN2-PWY	CAB3
PANTOSYN2-PWY	CAB4
PANTOSYN2-PWY	CAB5
PANTOSYN2-PWY	ECM31
PANTOSYN2-PWY	FMS1
PANTOSYN2-PWY	PAN5
PANTOSYN2-PWY	PAN6
PANTOSYN2-PWY	SIS2
PANTOSYN2-PWY	VHS3
PENTOSE-P-PWY	GND1
PENTOSE-P-PWY	GND2
PENTOSE-P-PWY	RKI1
PENTOSE-P-PWY	RPE1
PENTOSE-P-PWY	SOL3
PENTOSE-P-PWY	SOL4
PENTOSE-P-PWY	TAL1
PENTOSE-P-PWY	TKL1
PENTOSE-P-PWY	TKL2
PENTOSE-P-PWY	ZWF1
PERIPLASMA-NAD-DEGRADATION	NPY1
PHOSLIPSYN2-PWY	CHO1
PHOSLIPSYN2-PWY	CHO2
PHOSLIPSYN2-PWY	CRD1
PHOSLIPSYN2-PWY	OPI3
PHOSLIPSYN2-PWY	PGS1
PHOSLIPSYN2-PWY	PSD1
PHOSLIPSYN2-PWY	PSD2
PHOS-PWY	AYR1
PHOS-PWY	CDS1
PHOS-PWY	CHO1
PHOS-PWY	CHO2
PHOS-PWY	CPT1
PHOS-PWY	CRD1
PHOS-PWY	OPI3
PHOS-PWY	PGS1
PHOS-PWY	PSD1
PHOS-PWY	PSD2
PHOS-PWY	SLC1
PLPSAL-PWY	BUD16
PLPSAL-PWY	PDX3
POLYAMSYN-YEAST-PWY	SPE1
POLYAMSYN-YEAST-PWY	SPE2
POLYAMSYN-YEAST-PWY	SPE3
POLYAMSYN-YEAST-PWY	SPE4
PROSYN-PWY	PRO1
PROSYN-PWY	PRO2
PROSYN-PWY	PRO3
PROUT-PWY	PUT1
PROUT-PWY	PUT2
PRPP-PWY	ADE1
PRPP-PWY	ADE12
PRPP-PWY	ADE13
PRPP-PWY	ADE16
PRPP-PWY	ADE17
PRPP-PWY	ADE2
PRPP-PWY	ADE4
PRPP-PWY	ADE5,7
PRPP-PWY	ADE6
PRPP-PWY	ADE8
PRPP-PWY	ADK1
PRPP-PWY	ADK2
PRPP-PWY	GUA1
PRPP-PWY	GUK1
PRPP-PWY	HIS1
PRPP-PWY	HIS2
PRPP-PWY	HIS3
PRPP-PWY	HIS4
PRPP-PWY	HIS5
PRPP-PWY	HIS6
PRPP-PWY	HIS7
PRPP-PWY	IMD2
PRPP-PWY	IMD3
PRPP-PWY	IMD4
PRPP-PWY	PRS1
PRPP-PWY	PRS2
PRPP-PWY	PRS3
PRPP-PWY	PRS4
PRPP-PWY	PRS5
PRPP-PWY	RNR1
PRPP-PWY	RNR2
PRPP-PWY	RNR3
PRPP-PWY	RNR4
PRPP-PWY	URA1
PRPP-PWY	URA10
PRPP-PWY	URA2
PRPP-PWY	URA3
PRPP-PWY	URA4
PRPP-PWY	URA5
PRPP-PWY	URA6
PRPP-PWY	URA7
PRPP-PWY	URA8
PRPP-PWY	YNK1
PWY-1801	FDH1
PWY-1801	SFA1
PWY-1801	""
PWY-2301	INM1
PWY-2301	INM2
PWY-2301	INO1
PWY-3322	GDH2
PWY3O-0	HXK1
PWY3O-0	HXK2
PWY3O-1	AAH1
PWY3O-1	ADO1
PWY3O-1	AMD1
PWY3O-1	APT1
PWY3O-1	GUD1
PWY3O-1	HPT1
PWY3O-1	PNP1
PWY3O-1	XPT1
PWY3O-10	ACC1
PWY3O-10	CEM1
PWY3O-10	FAS1
PWY3O-10	FAS2
PWY3O-10	HFA1
PWY3O-10	MCT1
PWY3O-10	OAR1
PWY3O-103	CDS1
PWY3O-114	DUG1
PWY3O-114	ECM38
PWY3O-114	GSH1
PWY3O-114	GSH2
PWY3O-123	DPM1
PWY3O-123	PMI40
PWY3O-123	PSA1
PWY3O-123	SEC53
PWY3O-13	GDH1
PWY3O-13	GDH3
PWY3O-13	GLN1
PWY3O-13	GLT1
PWY3O-13	IDP1
PWY3O-13	IDP2
PWY3O-13	IDP3
PWY3O-15	CHS1
PWY3O-15	CHS2
PWY3O-15	CHS3
PWY3O-1565	ALG5
PWY3O-1565	PGM1
PWY3O-1565	PGM2
PWY3O-1565	UGP1
PWY3O-1565	""
PWY3O-17	THI11
PWY3O-17	THI12
PWY3O-17	THI13
PWY3O-17	THI20
PWY3O-17	THI21
PWY3O-17	THI4
PWY3O-17	THI5
PWY3O-17	THI6
PWY3O-17	THI80
PWY3O-1743	GLK1
PWY3O-1743	HXK1
PWY3O-1743	HXK2
PWY3O-1743	PMI40
PWY3O-1801	OLE1
PWY3O-188	COB
PWY3O-188	COR1
PWY3O-188	COX1
PWY3O-188	COX12
PWY3O-188	COX13
PWY3O-188	COX2
PWY3O-188	COX3
PWY3O-188	COX4
PWY3O-188	COX5A
PWY3O-188	COX6
PWY3O-188	COX7
PWY3O-188	COX8
PWY3O-188	COX9
PWY3O-188	CYT1
PWY3O-188	NDI1
PWY3O-188	QCR10
PWY3O-188	QCR2
PWY3O-188	QCR6
PWY3O-188	QCR7
PWY3O-188	QCR8
PWY3O-188	QCR9
PWY3O-188	RIP1
PWY3O-188	SDH1
PWY3O-188	SDH2
PWY3O-188	SDH3
PWY3O-188	SDH4
PWY3O-19	CAT5
PWY3O-19	COQ2
PWY3O-19	COQ3
PWY3O-19	COQ5
PWY3O-19	COQ6
PWY3O-2	CHO1
PWY3O-2	CHO2
PWY3O-2	CKI1
PWY3O-2	CPT1
PWY3O-2	CRD1
PWY3O-2	ECT1
PWY3O-2	EKI1
PWY3O-2	EPT1
PWY3O-2	OPI3
PWY3O-2	PCT1
PWY3O-2	PGS1
PWY3O-2	PIS1
PWY3O-2	PSD1
PWY3O-2	PSD2
PWY3O-20	ADE3
PWY3O-20	MET12
PWY3O-20	MET13
PWY3O-20	MET7
PWY3O-20	MIS1
PWY3O-20	SHM1
PWY3O-20	SHM2
PWY3O-214	ADH1
PWY3O-214	ADH2
PWY3O-214	ADH3
PWY3O-214	ADH4
PWY3O-214	ADH5
PWY3O-214	ARO10
PWY3O-214	ARO8
PWY3O-214	ARO9
PWY3O-214	PDC1
PWY3O-214	PDC5
PWY3O-214	PDC6
PWY3O-214	SFA1
PWY3O-2220	AAH1
PWY3O-2220	ADO1
PWY3O-2220	AMD1
PWY3O-2220	APT1
PWY3O-2220	HPT1
PWY3O-2220	PNP1
PWY3O-224	NRK1
PWY3O-230	SHM1
PWY3O-230	SHM2
PWY3O-236	PNP1
PWY3O-236	URH1
PWY3O-238	MET6
PWY3O-238	MET7
PWY3O-242	FAB1
PWY3O-242	FIG4
PWY3O-242	INP51
PWY3O-242	INP52
PWY3O-242	INP53
PWY3O-242	INP54
PWY3O-242	LSB6
PWY3O-242	MSS4
PWY3O-242	PIK1
PWY3O-242	SAC1
PWY3O-242	STT4
PWY3O-242	VPS34
PWY3O-242	YMR1
PWY3O-246	BDH1
PWY3O-259	ECT1
PWY3O-259	EKI1
PWY3O-259	EPT1
PWY3O-261	AGX1
PWY3O-261	GLY1
PWY3O-261	SER1
PWY3O-261	SER2
PWY3O-261	SER3
PWY3O-261	SER33
PWY3O-261	SHM1
PWY3O-261	SHM2
PWY3O-285	AAH1
PWY3O-285	ADE1
PWY3O-285	ADE12
PWY3O-285	ADE13
PWY3O-285	ADE16
PWY3O-285	ADE17
PWY3O-285	ADE2
PWY3O-285	ADE4
PWY3O-285	ADE5,7
PWY3O-285	ADE6
PWY3O-285	ADE8
PWY3O-285	ADK1
PWY3O-285	ADK2
PWY3O-285	ADO1
PWY3O-285	AMD1
PWY3O-285	APT1
PWY3O-285	GUD1
PWY3O-285	GUK1
PWY3O-285	HPT1
PWY3O-285	IMD2
PWY3O-285	IMD3
PWY3O-285	IMD4
PWY3O-285	ISN1
PWY3O-285	PNP1
PWY3O-285	RNR1
PWY3O-285	RNR2
PWY3O-285	RNR3
PWY3O-285	RNR4
PWY3O-285	XPT1
PWY3O-285	YNK1
PWY3O-3	PIS1
PWY3O-31704	ERG1
PWY3O-31704	ERG11
PWY3O-31704	ERG2
PWY3O-31704	ERG20
PWY3O-31704	ERG24
PWY3O-31704	ERG25
PWY3O-31704	ERG26
PWY3O-31704	ERG27
PWY3O-31704	ERG3
PWY3O-31704	ERG4
PWY3O-31704	ERG5
PWY3O-31704	ERG6
PWY3O-31704	ERG7
PWY3O-31704	ERG9
PWY3O-335	BDH1
PWY3O-335	ILV2
PWY3O-335	ILV6
PWY3O-351	ADI1
PWY3O-351	ARO8
PWY3O-351	ARO9
PWY3O-351	BAT1
PWY3O-351	BAT2
PWY3O-351	MDE1
PWY3O-351	MEU1
PWY3O-351	MRI1
PWY3O-351	SAM1
PWY3O-351	SAM2
PWY3O-351	SPE2
PWY3O-351	SPE3
PWY3O-351	SPE4
PWY3O-351	UTR4
PWY3O-355	CEM1
PWY3O-355	FAS1
PWY3O-355	FAS2
PWY3O-355	OAR1
PWY3O-3827	GLK1
PWY3O-3827	HXK1
PWY3O-3827	HXK2
PWY3O-4	CAT2
PWY3O-4	YAT1
PWY3O-4	YAT2
PWY3O-402	ARG82
PWY3O-402	DDP1
PWY3O-402	IPK1
PWY3O-402	KCS1
PWY3O-402	PLC1
PWY3O-402	VIP1
PWY3O-4031	GLC3
PWY3O-4031	GLG1
PWY3O-4031	GLG2
PWY3O-4031	GSY1
PWY3O-4031	GSY2
PWY3O-4031	PGM1
PWY3O-4031	PGM2
PWY3O-4031	UGP1
PWY3O-4031	""
PWY3O-4105	ADH1
PWY3O-4105	ADH2
PWY3O-4105	ADH3
PWY3O-4105	ADH4
PWY3O-4105	ADH5
PWY3O-4105	BAT1
PWY3O-4105	BAT2
PWY3O-4105	PDC1
PWY3O-4105	PDC5
PWY3O-4105	PDC6
PWY3O-4105	SFA1
PWY3O-4106	NMA1
PWY3O-4106	NMA2
PWY3O-4106	NRK1
PWY3O-4107	NMA1
PWY3O-4107	NMA2
PWY3O-4107	NPT1
PWY3O-4107	PNC1
PWY3O-4107	QNS1
PWY3O-4107	SIR2
PWY3O-4108	ARO8
PWY3O-4108	ARO9
PWY3O-4109	ADH1
PWY3O-4109	ADH2
PWY3O-4109	ADH3
PWY3O-4109	ADH4
PWY3O-4109	ADH5
PWY3O-4109	ARO10
PWY3O-4109	BAT1
PWY3O-4109	BAT2
PWY3O-4109	PDC1
PWY3O-4109	PDC5
PWY3O-4109	PDC6
PWY3O-4109	SFA1
PWY3O-4109	THI3
PWY3O-4112	ADH1
PWY3O-4112	ADH2
PWY3O-4112	ADH3
PWY3O-4112	ADH4
PWY3O-4112	ADH5
PWY3O-4112	ARO10
PWY3O-4112	BAT1
PWY3O-4112	BAT2
PWY3O-4112	SFA1
PWY3O-4112	THI3
PWY3O-4115	ADH1
PWY3O-4115	ADH2
PWY3O-4115	ADH3
PWY3O-4115	ADH4
PWY3O-4115	ADH5
PWY3O-4115	ARO10
PWY3O-4115	ARO8
PWY3O-4115	ARO9
PWY3O-4115	PDC1
PWY3O-4115	PDC5
PWY3O-4115	PDC6
PWY3O-4115	SFA1
PWY3O-4120	ARO7
PWY3O-4120	ARO8
PWY3O-4120	ARO9
PWY3O-4120	TYR1
PWY3O-4153	ARO7
PWY3O-4153	ARO8
PWY3O-4153	ARO9
PWY3O-4153	PHA2
PWY3O-4158	BNA1
PWY3O-4158	BNA2
PWY3O-4158	BNA4
PWY3O-4158	BNA5
PWY3O-4158	BNA6
PWY3O-4158	BNA7
PWY3O-4158	NMA1
PWY3O-4158	NMA2
PWY3O-4158	NPT1
PWY3O-4158	NRK1
PWY3O-4158	PNC1
PWY3O-4158	PNP1
PWY3O-4158	QNS1
PWY3O-4158	SIR2
PWY3O-4158	URH1
PWY3O-4300	ACS1
PWY3O-4300	ACS2
PWY3O-4300	ADH2
PWY3O-4300	ALD2
PWY3O-440	PDC1
PWY3O-440	PDC5
PWY3O-440	PDC6
PWY3O-450	CKI1
PWY3O-450	CPT1
PWY3O-450	PCT1
PWY3O-48	GPD1
PWY3O-48	GPD2
PWY3O-48	GPP1
PWY3O-48	GPP2
PWY3O-5	XKS1
PWY3O-50	HEM1
PWY3O-50	HEM2
PWY3O-50	HEM3
PWY3O-50	HEM4
PWY3O-5268	OLE1
PWY3O-592	GLR1
PWY3O-592	GRX1
PWY3O-592	GRX2
PWY3O-592	GRX3
PWY3O-592	GRX4
PWY3O-592	GRX5
PWY3O-5962	ACC1
PWY3O-5962	CEM1
PWY3O-5962	FAS1
PWY3O-5962	FAS2
PWY3O-5962	HFA1
PWY3O-5962	MCT1
PWY3O-5962	OAR1
PWY3O-5962	OLE1
PWY3O-6	ALO1
PWY3O-6	ARA1
PWY3O-6	ARA2
PWY3O-6336	ACC1
PWY3O-6336	CEM1
PWY3O-6336	FAS1
PWY3O-6336	FAS2
PWY3O-6336	HFA1
PWY3O-6336	MCT1
PWY3O-6336	OAR1
PWY3O-64	ADI1
PWY3O-64	ARO8
PWY3O-64	ARO9
PWY3O-64	BAT1
PWY3O-64	BAT2
PWY3O-64	MDE1
PWY3O-64	MEU1
PWY3O-64	MRI1
PWY3O-64	UTR4
PWY3O-6407	AYR1
PWY3O-6407	GPT2
PWY3O-6407	SCT1
PWY3O-6407	SLC1
PWY3O-6499	GPD1
PWY3O-6499	GPD2
PWY3O-6499	GPT2
PWY3O-6499	SCT1
PWY3O-6499	SLC1
PWY3O-661	BDH1
PWY3O-6635	AYR1
PWY3O-6635	GPD1
PWY3O-6635	GPD2
PWY3O-6635	GPT2
PWY3O-6635	SCT1
PWY3O-6635	SLC1
PWY3O-69	HEM1
PWY3O-69	HEM12
PWY3O-69	HEM13
PWY3O-69	HEM14
PWY3O-69	HEM15
PWY3O-69	HEM2
PWY3O-69	HEM3
PWY3O-69	HEM4
PWY3O-69	MET1
PWY3O-69	MET8
PWY3O-7	AAT1
PWY3O-7	AAT2
PWY3O-7	HOM2
PWY3O-7	HOM3
PWY3O-7	HOM6
PWY3O-7	PYC1
PWY3O-7	PYC2
PWY3O-7	THR1
PWY3O-7	THR4
PWY3O-70	CDA1
PWY3O-70	CDA2
PWY3O-743	GUD1
PWY3O-743	HPT1
PWY3O-743	XPT1
PWY3O-8	GRE3
PWY3O-8	XYL2
PWY3O-8514	CEM1
PWY3O-8514	FAS1
PWY3O-8514	FAS2
PWY3O-8514	OAR1
PWY3O-862	BTS1
PWY3O-862	CAT5
PWY3O-862	COQ1
PWY3O-862	COQ2
PWY3O-862	COQ3
PWY3O-862	COQ5
PWY3O-862	COQ6
PWY3O-862	ERG20
PWY3O-94	ACO1
PWY3O-94	CIT1
PWY3O-94	CIT2
PWY3O-94	CIT3
PWY3O-94	DAL7
PWY3O-94	FUM1
PWY3O-94	ICL1
PWY3O-94	IDH1
PWY3O-94	IDH2
PWY3O-94	KGD1
PWY3O-94	KGD2
PWY3O-94	LSC1
PWY3O-94	LSC2
PWY3O-94	MDH1
PWY3O-94	MDH3
PWY3O-94	MLS1
PWY3O-94	PYC1
PWY3O-94	PYC2
PWY3O-94	SDH1
PWY3O-94	SDH2
PWY3O-94	SDH3
PWY3O-94	SDH4
PWY3O-954	FOL3
PWY3O-954	HOM2
PWY3O-954	HOM3
PWY3O-954	HOM6
PWY3O-954	MET17
PWY3O-954	MET2
PWY3O-954	MET6
PWY3O-954	MET7
PWY3O-96	PNP1
PWY3O-96	URH1
PWY3O-981	BDH1
PWY3O-981	ILV2
PWY3O-981	ILV6
PWY3O-981	PDC1
PWY3O-981	PDC5
PWY3O-981	PDC6
PWY-46	SPE1
PWY-5041	MET6
PWY-5041	SAH1
PWY-5041	SAM1
PWY-5041	SAM2
PWY-5080	ELO2
PWY-5080	ELO3
PWY-5080	IFA38
PWY-5080	PHS1
PWY-5080	TSC13
PWY-5084	KGD1
PWY-5084	KGD2
PWY-5084	LPD1
PWY-5194	MET1
PWY-5194	MET8
PWY-5344	MET17
PWY-5344	MET2
PWY-5760	ALD2
PWY-5760	ALD3
PWY-5760	FMS1
PWY-5970	FAS1
PWY-5970	FAS2
PWY-5971-1	CEM1
PWY-5971-1	FAS1
PWY-5971-1	FAS2
PWY-5971-1	OAR1
PWY-6482	DPH1
PWY-6482	DPH2
PWY-6482	DPH5
PWY-6482	KTI11
PWY-6482	RRT2
PWY-781	MET10
PWY-781	MET14
PWY-781	MET16
PWY-781	MET3
PWY-781	MET5
PWY-821	CYS3
PWY-821	CYS4
PWY-821	FOL3
PWY-821	HOM2
PWY-821	HOM3
PWY-821	HOM6
PWY-821	MET10
PWY-821	MET14
PWY-821	MET16
PWY-821	MET17
PWY-821	MET2
PWY-821	MET3
PWY-821	MET5
PWY-821	MET6
PWY-821	MET7
PWY-821	SAM1
PWY-821	SAM2
PWY-821	STR2
PWY-821	STR3
PWY-901	GLO1
PWY-901	GLO2
PWY-901	GLO4
PWYQT-4432	DUG1
PWYQT-4432	ECM38
PYRIMID-RNTSYN-PWY	URA1
PYRIMID-RNTSYN-PWY	URA10
PYRIMID-RNTSYN-PWY	URA2
PYRIMID-RNTSYN-PWY	URA3
PYRIMID-RNTSYN-PWY	URA4
PYRIMID-RNTSYN-PWY	URA5
PYRIMID-RNTSYN-PWY	URA6
PYRIMID-RNTSYN-PWY	URA7
PYRIMID-RNTSYN-PWY	URA8
PYRUVDEHYD-PWY	LAT1
PYRUVDEHYD-PWY	LPD1
PYRUVDEHYD-PWY	PDA1
PYRUVDEHYD-PWY	PDB1
SAM-PWY	SAM1
SAM-PWY	SAM2
SERDEG-PWY	CHA1
SERSYN-PWY	SER1
SERSYN-PWY	SER2
SERSYN-PWY	SER3
SERSYN-PWY	SER33
SPHINGOLIPID-SYN-PWY	AUR1
SPHINGOLIPID-SYN-PWY	CSG2
SPHINGOLIPID-SYN-PWY	DPL1
SPHINGOLIPID-SYN-PWY	IPT1
SPHINGOLIPID-SYN-PWY	LAC1
SPHINGOLIPID-SYN-PWY	LAG1
SPHINGOLIPID-SYN-PWY	LCB1
SPHINGOLIPID-SYN-PWY	LCB2
SPHINGOLIPID-SYN-PWY	LCB3
SPHINGOLIPID-SYN-PWY	LCB4
SPHINGOLIPID-SYN-PWY	LCB5
SPHINGOLIPID-SYN-PWY	LIP1
SPHINGOLIPID-SYN-PWY	SCS7
SPHINGOLIPID-SYN-PWY	SUR1
SPHINGOLIPID-SYN-PWY	SUR2
SPHINGOLIPID-SYN-PWY	TSC10
SPHINGOLIPID-SYN-PWY	YDC1
SPHINGOLIPID-SYN-PWY	YPC1
SPHINGOLIPID-SYN-PWY	YSR3
SUCUTIL-PWY	SUC2
TCA-EUK-PWY	ACO1
TCA-EUK-PWY	ACO2
TCA-EUK-PWY	CIT1
TCA-EUK-PWY	CIT3
TCA-EUK-PWY	FUM1
TCA-EUK-PWY	IDH1
TCA-EUK-PWY	IDH2
TCA-EUK-PWY	KGD1
TCA-EUK-PWY	KGD2
TCA-EUK-PWY	LPD1
TCA-EUK-PWY	LSC1
TCA-EUK-PWY	LSC2
TCA-EUK-PWY	MDH1
TCA-EUK-PWY	PYC1
TCA-EUK-PWY	PYC2
TCA-EUK-PWY	SDH1
TCA-EUK-PWY	SDH2
TCA-EUK-PWY	SDH3
TCA-EUK-PWY	SDH4
THIOREDOX-PWY	TRR1
THIOREDOX-PWY	TRR2
THIOREDOX-PWY	TRX1
THIOREDOX-PWY	TRX2
THIOREDOX-PWY	TRX3
THREOCAT2-PWY	CHA1
THREOCAT2-PWY	CYS3
THRESYN-PWY	HOM2
THRESYN-PWY	HOM3
THRESYN-PWY	HOM6
THRESYN-PWY	THR1
THRESYN-PWY	THR4
TREDEG-YEAST-PWY	ATH1
TREDEG-YEAST-PWY	NTH1
TRESYN-PWY	TPS1
TRESYN-PWY	TPS2
TRESYN-PWY	TPS3
TRESYN-PWY	TSL1
TRIGLSYN-PWY	CPT1
TRIGLSYN-PWY	DGA1
TRIGLSYN-PWY	LRO1
TRIGLSYN-PWY	PAH1
TRIGLSYN-PWY	SCT1
TRIGLSYN-PWY	SLC1
TRPSYN-PWY	TRP1
TRPSYN-PWY	TRP2
TRPSYN-PWY	TRP3
TRPSYN-PWY	TRP4
TRPSYN-PWY	TRP5
TRYPTOPHAN-DEGRADATION-1	BNA1
TRYPTOPHAN-DEGRADATION-1	BNA2
TRYPTOPHAN-DEGRADATION-1	BNA4
TRYPTOPHAN-DEGRADATION-1	BNA5
TRYPTOPHAN-DEGRADATION-1	BNA6
TRYPTOPHAN-DEGRADATION-1	BNA7
UDPNAGSYN-YEAST-PWY	GFA1
UDPNAGSYN-YEAST-PWY	GNA1
UDPNAGSYN-YEAST-PWY	PCM1
UDPNAGSYN-YEAST-PWY	QRI1
VALSYN-PWY	BAT1
VALSYN-PWY	BAT2
VALSYN-PWY	ILV2
VALSYN-PWY	ILV3
VALSYN-PWY	ILV5
VALSYN-PWY	ILV6
YEAST-4AMINOBUTMETAB-PWY	UGA1
YEAST-4AMINOBUTMETAB-PWY	UGA2
YEAST-DE-NOVO-PYRMID-DNT	CDC21
YEAST-DE-NOVO-PYRMID-DNT	CDC8
YEAST-DE-NOVO-PYRMID-DNT	DUT1
YEAST-DE-NOVO-PYRMID-DNT	RNR1
YEAST-DE-NOVO-PYRMID-DNT	RNR2
YEAST-DE-NOVO-PYRMID-DNT	RNR3
YEAST-DE-NOVO-PYRMID-DNT	RNR4
YEAST-DE-NOVO-PYRMID-DNT	YNK1
YEAST-FAO-PWY	DCI1
YEAST-FAO-PWY	ECI1
YEAST-FAO-PWY	FAA1
YEAST-FAO-PWY	FAA2
YEAST-FAO-PWY	FAA3
YEAST-FAO-PWY	FAA4
YEAST-FAO-PWY	FAT1
YEAST-FAO-PWY	FOX2
YEAST-FAO-PWY	POT1
YEAST-FAO-PWY	POX1
YEAST-GALACT-METAB-PWY	GAL1
YEAST-GALACT-METAB-PWY	GAL10
YEAST-GALACT-METAB-PWY	GAL7
YEAST-GALACT-METAB-PWY	PGM1
YEAST-GALACT-METAB-PWY	PGM2
YEAST-RIBOSYN-PWY	FAD1
YEAST-RIBOSYN-PWY	FMN1
YEAST-RIBOSYN-PWY	RIB1
YEAST-RIBOSYN-PWY	RIB2
YEAST-RIBOSYN-PWY	RIB3
YEAST-RIBOSYN-PWY	RIB4
YEAST-RIBOSYN-PWY	RIB5
YEAST-RIBOSYN-PWY	RIB7
YEAST-RNT-SALV	CDD1
YEAST-RNT-SALV	FCY1
YEAST-RNT-SALV	FUR1
YEAST-RNT-SALV	URH1
YEAST-RNT-SALV	URK1
YEAST-RNT-SALV	YNK1
YEAST-SALV-PYRMID-DNTP	CDD1
YEAST-SALV-PYRMID-DNTP	URH1
YEAST-SALV-PYRMID-DNTP	URK1
